timestamp,stockMarket,category,pair,price
2025-06-27T09:12:49.703Z,Bybit,option,BTC-27MAR26-95000-P-USDT,null
2025-06-27T09:12:49.703Z,Bybit,option,BTC-27MAR26-95000-C-USDT,null
2025-06-27T09:12:49.703Z,Bybit,option,BTC-27MAR26-170000-P-USDT,null
2025-06-27T09:12:49.703Z,Bybit,option,BTC-27MAR26-170000-C-USDT,null
2025-06-27T09:12:49.703Z,Bybit,option,BTC-27MAR26-165000-P-USDT,null
2025-06-27T09:12:49.703Z,Bybit,option,BTC-27MAR26-165000-C-USDT,null
2025-06-27T09:12:49.703Z,Bybit,option,BTC-27MAR26-155000-P-USDT,null
2025-06-27T09:12:49.703Z,Bybit,option,BTC-27MAR26-155000-C-USDT,null
2025-06-27T09:12:49.703Z,Bybit,option,BTC-27MAR26-145000-P-USDT,null
2025-06-27T09:12:49.703Z,Bybit,option,BTC-27MAR26-145000-C-USDT,null
2025-06-27T09:12:49.703Z,Bybit,option,BTC-27MAR26-135000-P-USDT,null
2025-06-27T09:12:49.703Z,Bybit,option,BTC-27MAR26-135000-C-USDT,null
2025-06-27T09:12:49.703Z,Bybit,option,BTC-27MAR26-130000-P-USDT,null
2025-06-27T09:12:49.703Z,Bybit,option,BTC-27MAR26-130000-C-USDT,null
2025-06-27T09:12:49.703Z,Bybit,option,BTC-27MAR26-150000-P-USDT,null
2025-06-27T09:12:49.703Z,Bybit,option,BTC-27MAR26-150000-C-USDT,null
2025-06-27T09:12:49.703Z,Bybit,option,BTC-27MAR26-115000-P-USDT,null
2025-06-27T09:12:49.703Z,Bybit,option,BTC-27MAR26-115000-C-USDT,null
2025-06-27T09:12:49.704Z,Bybit,option,BTC-27MAR26-105000-P-USDT,null
2025-06-27T09:12:49.704Z,Bybit,option,BTC-27MAR26-105000-C-USDT,null
2025-06-27T09:12:49.704Z,Bybit,option,BTC-27MAR26-70000-P-USDT,null
2025-06-27T09:12:49.704Z,Bybit,option,BTC-27MAR26-70000-C-USDT,null
2025-06-27T09:12:49.704Z,Bybit,option,BTC-27MAR26-40000-P-USDT,null
2025-06-27T09:12:49.704Z,Bybit,option,BTC-27MAR26-40000-C-USDT,null
2025-06-27T09:12:49.704Z,Bybit,option,BTC-27MAR26-350000-P-USDT,null
2025-06-27T09:12:49.704Z,Bybit,option,BTC-27MAR26-350000-C-USDT,null
2025-06-27T09:12:49.704Z,Bybit,option,BTC-27MAR26-300000-P-USDT,null
2025-06-27T09:12:49.704Z,Bybit,option,BTC-27MAR26-300000-C-USDT,null
2025-06-27T09:12:49.704Z,Bybit,option,BTC-27MAR26-250000-P-USDT,null
2025-06-27T09:12:49.704Z,Bybit,option,BTC-27MAR26-250000-C-USDT,null
2025-06-27T09:12:49.704Z,Bybit,option,BTC-27MAR26-200000-P-USDT,null
2025-06-27T09:12:49.704Z,Bybit,option,BTC-27MAR26-200000-C-USDT,null
2025-06-27T09:12:49.704Z,Bybit,option,BTC-27MAR26-160000-P-USDT,null
2025-06-27T09:12:49.704Z,Bybit,option,BTC-27MAR26-160000-C-USDT,null
2025-06-27T09:12:49.704Z,Bybit,option,BTC-27MAR26-140000-P-USDT,null
2025-06-27T09:12:49.704Z,Bybit,option,BTC-27MAR26-140000-C-USDT,null
2025-06-27T09:12:49.704Z,Bybit,option,BTC-27MAR26-120000-P-USDT,null
2025-06-27T09:12:49.704Z,Bybit,option,BTC-27MAR26-120000-C-USDT,null
2025-06-27T09:12:49.704Z,Bybit,option,BTC-27MAR26-110000-P-USDT,null
2025-06-27T09:12:49.704Z,Bybit,option,BTC-27MAR26-110000-C-USDT,null
2025-06-27T09:12:49.704Z,Bybit,option,BTC-27MAR26-100000-P-USDT,null
2025-06-27T09:12:49.704Z,Bybit,option,BTC-27MAR26-100000-C-USDT,null
2025-06-27T09:12:49.704Z,Bybit,option,BTC-27MAR26-90000-P-USDT,null
2025-06-27T09:12:49.705Z,Bybit,option,BTC-27MAR26-90000-C-USDT,null
2025-06-27T09:12:49.705Z,Bybit,option,BTC-27MAR26-80000-P-USDT,null
2025-06-27T09:12:49.705Z,Bybit,option,BTC-27MAR26-80000-C-USDT,null
2025-06-27T09:12:49.705Z,Bybit,option,BTC-27MAR26-60000-P-USDT,null
2025-06-27T09:12:49.705Z,Bybit,option,BTC-27MAR26-60000-C-USDT,null
2025-06-27T09:12:49.705Z,Bybit,option,BTC-27MAR26-50000-P-USDT,null
2025-06-27T09:12:49.705Z,Bybit,option,BTC-27MAR26-50000-C-USDT,null
2025-06-27T09:12:49.705Z,Bybit,option,BTC-26DEC25-125000-P-USDT,null
2025-06-27T09:12:49.705Z,Bybit,option,BTC-26DEC25-125000-C-USDT,null
2025-06-27T09:12:49.705Z,Bybit,option,BTC-26DEC25-115000-P-USDT,null
2025-06-27T09:12:49.705Z,Bybit,option,BTC-26DEC25-115000-C-USDT,null
2025-06-27T09:12:49.705Z,Bybit,option,BTC-26DEC25-105000-P-USDT,null
2025-06-27T09:12:49.705Z,Bybit,option,BTC-26DEC25-105000-C-USDT,null
2025-06-27T09:12:49.705Z,Bybit,option,BTC-26DEC25-95000-P-USDT,null
2025-06-27T09:12:49.705Z,Bybit,option,BTC-26DEC25-95000-C-USDT,null
2025-06-27T09:12:49.705Z,Bybit,option,BTC-26DEC25-160000-P-USDT,null
2025-06-27T09:12:49.705Z,Bybit,option,BTC-26DEC25-160000-C-USDT,null
2025-06-27T09:12:49.705Z,Bybit,option,BTC-26DEC25-140000-P,null
2025-06-27T09:12:49.705Z,Bybit,option,BTC-26DEC25-140000-C,null
2025-06-27T09:12:49.705Z,Bybit,option,BTC-26DEC25-75000-P-USDT,null
2025-06-27T09:12:49.705Z,Bybit,option,BTC-26DEC25-75000-C-USDT,null
2025-06-27T09:12:49.705Z,Bybit,option,BTC-26DEC25-60000-P,null
2025-06-27T09:12:49.705Z,Bybit,option,BTC-26DEC25-60000-C,null
2025-06-27T09:12:49.706Z,Bybit,option,BTC-26DEC25-180000-P-USDT,null
2025-06-27T09:12:49.706Z,Bybit,option,BTC-26DEC25-180000-C-USDT,null
2025-06-27T09:12:49.706Z,Bybit,option,BTC-26DEC25-170000-P-USDT,null
2025-06-27T09:12:49.706Z,Bybit,option,BTC-26DEC25-170000-C-USDT,null
2025-06-27T09:12:49.706Z,Bybit,option,BTC-26DEC25-150000-P-USDT,null
2025-06-27T09:12:49.706Z,Bybit,option,BTC-26DEC25-150000-C-USDT,null
2025-06-27T09:12:49.706Z,Bybit,option,BTC-26DEC25-120000-P-USDT,null
2025-06-27T09:12:49.706Z,Bybit,option,BTC-26DEC25-120000-C-USDT,null
2025-06-27T09:12:49.706Z,Bybit,option,BTC-26DEC25-85000-P-USDT,null
2025-06-27T09:12:49.706Z,Bybit,option,BTC-26DEC25-85000-C-USDT,null
2025-06-27T09:12:49.706Z,Bybit,option,BTC-26DEC25-70000-P-USDT,null
2025-06-27T09:12:49.706Z,Bybit,option,BTC-26DEC25-70000-C-USDT,null
2025-06-27T09:12:49.706Z,Bybit,option,BTC-26DEC25-40000-P-USDT,null
2025-06-27T09:12:49.706Z,Bybit,option,BTC-26DEC25-40000-C-USDT,null
2025-06-27T09:12:49.706Z,Bybit,option,BTC-26DEC25-350000-P-USDT,null
2025-06-27T09:12:49.706Z,Bybit,option,BTC-26DEC25-350000-C-USDT,null
2025-06-27T09:12:49.706Z,Bybit,option,BTC-26DEC25-300000-P-USDT,null
2025-06-27T09:12:49.706Z,Bybit,option,BTC-26DEC25-300000-C-USDT,null
2025-06-27T09:12:49.706Z,Bybit,option,BTC-26DEC25-250000-P-USDT,null
2025-06-27T09:12:49.706Z,Bybit,option,BTC-26DEC25-250000-C-USDT,null
2025-06-27T09:12:49.706Z,Bybit,option,BTC-26DEC25-200000-P-USDT,null
2025-06-27T09:12:49.707Z,Bybit,option,BTC-26DEC25-200000-C-USDT,null
2025-06-27T09:12:49.707Z,Bybit,option,BTC-26DEC25-190000-P-USDT,null
2025-06-27T09:12:49.707Z,Bybit,option,BTC-26DEC25-190000-C-USDT,null
2025-06-27T09:12:49.707Z,Bybit,option,BTC-26DEC25-140000-P-USDT,null
2025-06-27T09:12:49.707Z,Bybit,option,BTC-26DEC25-140000-C-USDT,null
2025-06-27T09:12:49.707Z,Bybit,option,BTC-26DEC25-130000-P-USDT,null
2025-06-27T09:12:49.707Z,Bybit,option,BTC-26DEC25-130000-C-USDT,null
2025-06-27T09:12:49.707Z,Bybit,option,BTC-26DEC25-110000-P-USDT,null
2025-06-27T09:12:49.707Z,Bybit,option,BTC-26DEC25-110000-C-USDT,null
2025-06-27T09:12:49.707Z,Bybit,option,BTC-26DEC25-100000-P-USDT,null
2025-06-27T09:12:49.707Z,Bybit,option,BTC-26DEC25-100000-C-USDT,null
2025-06-27T09:12:49.707Z,Bybit,option,BTC-26DEC25-90000-P-USDT,null
2025-06-27T09:12:49.707Z,Bybit,option,BTC-26DEC25-90000-C-USDT,null
2025-06-27T09:12:49.707Z,Bybit,option,BTC-26DEC25-80000-P-USDT,null
2025-06-27T09:12:49.707Z,Bybit,option,BTC-26DEC25-80000-C-USDT,null
2025-06-27T09:12:49.707Z,Bybit,option,BTC-26DEC25-60000-P-USDT,null
2025-06-27T09:12:49.707Z,Bybit,option,BTC-26DEC25-60000-C-USDT,null
2025-06-27T09:12:49.707Z,Bybit,option,BTC-26DEC25-50000-P-USDT,null
2025-06-27T09:12:49.707Z,Bybit,option,BTC-26DEC25-50000-C-USDT,null
2025-06-27T09:12:49.707Z,Bybit,option,BTC-26DEC25-90000-P,null
2025-06-27T09:12:49.707Z,Bybit,option,BTC-26DEC25-90000-C,null
2025-06-27T09:12:49.707Z,Bybit,option,BTC-26DEC25-70000-P,null
2025-06-27T09:12:49.707Z,Bybit,option,BTC-26DEC25-70000-C,null
2025-06-27T09:12:49.708Z,Bybit,option,BTC-26DEC25-350000-P,null
2025-06-27T09:12:49.708Z,Bybit,option,BTC-26DEC25-350000-C,null
2025-06-27T09:12:49.708Z,Bybit,option,BTC-26DEC25-300000-P,null
2025-06-27T09:12:49.708Z,Bybit,option,BTC-26DEC25-300000-C,null
2025-06-27T09:12:49.708Z,Bybit,option,BTC-26DEC25-250000-P,null
2025-06-27T09:12:49.708Z,Bybit,option,BTC-26DEC25-250000-C,null
2025-06-27T09:12:49.708Z,Bybit,option,BTC-26DEC25-200000-P,null
2025-06-27T09:12:49.708Z,Bybit,option,BTC-26DEC25-200000-C,null
2025-06-27T09:12:49.708Z,Bybit,option,BTC-26DEC25-180000-P,null
2025-06-27T09:12:49.708Z,Bybit,option,BTC-26DEC25-180000-C,null
2025-06-27T09:12:49.708Z,Bybit,option,BTC-26DEC25-170000-P,null
2025-06-27T09:12:49.708Z,Bybit,option,BTC-26DEC25-170000-C,null
2025-06-27T09:12:49.708Z,Bybit,option,BTC-26DEC25-150000-P,null
2025-06-27T09:12:49.708Z,Bybit,option,BTC-26DEC25-150000-C,null
2025-06-27T09:12:49.708Z,Bybit,option,BTC-26DEC25-130000-P,null
2025-06-27T09:12:49.708Z,Bybit,option,BTC-26DEC25-130000-C,null
2025-06-27T09:12:49.708Z,Bybit,option,BTC-26DEC25-120000-P,null
2025-06-27T09:12:49.708Z,Bybit,option,BTC-26DEC25-120000-C,null
2025-06-27T09:12:49.708Z,Bybit,option,BTC-26DEC25-110000-P,null
2025-06-27T09:12:49.708Z,Bybit,option,BTC-26DEC25-110000-C,null
2025-06-27T09:12:49.708Z,Bybit,option,BTC-26DEC25-100000-P,null
2025-06-27T09:12:49.709Z,Bybit,option,BTC-26DEC25-100000-C,null
2025-06-27T09:12:49.709Z,Bybit,option,BTC-26DEC25-80000-P,null
2025-06-27T09:12:49.709Z,Bybit,option,BTC-26DEC25-80000-C,null
2025-06-27T09:12:49.709Z,Bybit,option,BTC-26DEC25-50000-P,null
2025-06-27T09:12:49.709Z,Bybit,option,BTC-26DEC25-50000-C,null
2025-06-27T09:12:49.709Z,Bybit,option,BTC-26SEP25-124000-P,null
2025-06-27T09:12:49.709Z,Bybit,option,BTC-26SEP25-124000-C,null
2025-06-27T09:12:49.709Z,Bybit,option,BTC-26SEP25-125000-P-USDT,null
2025-06-27T09:12:49.709Z,Bybit,option,BTC-26SEP25-125000-C-USDT,null
2025-06-27T09:12:49.709Z,Bybit,option,BTC-26SEP25-115000-P-USDT,null
2025-06-27T09:12:49.709Z,Bybit,option,BTC-26SEP25-115000-C-USDT,null
2025-06-27T09:12:49.709Z,Bybit,option,BTC-26SEP25-114000-P,null
2025-06-27T09:12:49.709Z,Bybit,option,BTC-26SEP25-114000-C,null
2025-06-27T09:12:49.709Z,Bybit,option,BTC-26SEP25-75000-P-USDT,null
2025-06-27T09:12:49.709Z,Bybit,option,BTC-26SEP25-75000-C-USDT,null
2025-06-27T09:12:49.709Z,Bybit,option,BTC-26SEP25-350000-P-USDT,null
2025-06-27T09:12:49.709Z,Bybit,option,BTC-26SEP25-350000-C-USDT,null
2025-06-27T09:12:49.709Z,Bybit,option,BTC-26SEP25-300000-P-USDT,null
2025-06-27T09:12:49.709Z,Bybit,option,BTC-26SEP25-300000-C-USDT,null
2025-06-27T09:12:49.709Z,Bybit,option,BTC-26SEP25-250000-P-USDT,null
2025-06-27T09:12:49.709Z,Bybit,option,BTC-26SEP25-250000-C-USDT,null
2025-06-27T09:12:49.709Z,Bybit,option,BTC-26SEP25-140000-P-USDT,null
2025-06-27T09:12:49.710Z,Bybit,option,BTC-26SEP25-140000-C-USDT,null
2025-06-27T09:12:49.710Z,Bybit,option,BTC-26SEP25-120000-P-USDT,null
2025-06-27T09:12:49.710Z,Bybit,option,BTC-26SEP25-120000-C-USDT,null
2025-06-27T09:12:49.710Z,Bybit,option,BTC-26SEP25-110000-P-USDT,null
2025-06-27T09:12:49.710Z,Bybit,option,BTC-26SEP25-110000-C-USDT,null
2025-06-27T09:12:49.710Z,Bybit,option,BTC-26SEP25-105000-P-USDT,null
2025-06-27T09:12:49.710Z,Bybit,option,BTC-26SEP25-105000-C-USDT,null
2025-06-27T09:12:49.710Z,Bybit,option,BTC-26SEP25-95000-P-USDT,null
2025-06-27T09:12:49.710Z,Bybit,option,BTC-26SEP25-95000-C-USDT,null
2025-06-27T09:12:49.710Z,Bybit,option,BTC-26SEP25-90000-P-USDT,null
2025-06-27T09:12:49.710Z,Bybit,option,BTC-26SEP25-90000-C-USDT,null
2025-06-27T09:12:49.710Z,Bybit,option,BTC-26SEP25-85000-P-USDT,null
2025-06-27T09:12:49.710Z,Bybit,option,BTC-26SEP25-85000-C-USDT,null
2025-06-27T09:12:49.710Z,Bybit,option,BTC-26SEP25-86000-P-USDT,null
2025-06-27T09:12:49.710Z,Bybit,option,BTC-26SEP25-86000-C-USDT,null
2025-06-27T09:12:49.710Z,Bybit,option,BTC-26SEP25-82000-P-USDT,null
2025-06-27T09:12:49.710Z,Bybit,option,BTC-26SEP25-82000-C-USDT,null
2025-06-27T09:12:49.710Z,Bybit,option,BTC-26SEP25-50000-P-USDT,null
2025-06-27T09:12:49.710Z,Bybit,option,BTC-26SEP25-50000-C-USDT,null
2025-06-27T09:12:49.710Z,Bybit,option,BTC-26SEP25-220000-P-USDT,null
2025-06-27T09:12:49.710Z,Bybit,option,BTC-26SEP25-220000-C-USDT,null
2025-06-27T09:12:49.710Z,Bybit,option,BTC-26SEP25-200000-P-USDT,null
2025-06-27T09:12:49.710Z,Bybit,option,BTC-26SEP25-200000-C-USDT,null
2025-06-27T09:12:49.710Z,Bybit,option,BTC-26SEP25-180000-P-USDT,null
2025-06-27T09:12:49.710Z,Bybit,option,BTC-26SEP25-180000-C-USDT,null
2025-06-27T09:12:49.711Z,Bybit,option,BTC-26SEP25-160000-P-USDT,null
2025-06-27T09:12:49.711Z,Bybit,option,BTC-26SEP25-160000-C-USDT,null
2025-06-27T09:12:49.711Z,Bybit,option,BTC-26SEP25-150000-P-USDT,null
2025-06-27T09:12:49.711Z,Bybit,option,BTC-26SEP25-150000-C-USDT,null
2025-06-27T09:12:49.711Z,Bybit,option,BTC-26SEP25-130000-P-USDT,null
2025-06-27T09:12:49.711Z,Bybit,option,BTC-26SEP25-130000-C-USDT,null
2025-06-27T09:12:49.711Z,Bybit,option,BTC-26SEP25-124000-P-USDT,null
2025-06-27T09:12:49.711Z,Bybit,option,BTC-26SEP25-124000-C-USDT,null
2025-06-27T09:12:49.711Z,Bybit,option,BTC-26SEP25-114000-P-USDT,null
2025-06-27T09:12:49.711Z,Bybit,option,BTC-26SEP25-114000-C-USDT,null
2025-06-27T09:12:49.711Z,Bybit,option,BTC-26SEP25-104000-P-USDT,null
2025-06-27T09:12:49.711Z,Bybit,option,BTC-26SEP25-104000-C-USDT,null
2025-06-27T09:12:49.711Z,Bybit,option,BTC-26SEP25-100000-P-USDT,null
2025-06-27T09:12:49.711Z,Bybit,option,BTC-26SEP25-100000-C-USDT,null
2025-06-27T09:12:49.711Z,Bybit,option,BTC-26SEP25-96000-P-USDT,null
2025-06-27T09:12:49.711Z,Bybit,option,BTC-26SEP25-96000-C-USDT,null
2025-06-27T09:12:49.711Z,Bybit,option,BTC-26SEP25-92000-P-USDT,null
2025-06-27T09:12:49.711Z,Bybit,option,BTC-26SEP25-92000-C-USDT,null
2025-06-27T09:12:49.711Z,Bybit,option,BTC-26SEP25-88000-P-USDT,null
2025-06-27T09:12:49.711Z,Bybit,option,BTC-26SEP25-88000-C-USDT,null
2025-06-27T09:12:49.711Z,Bybit,option,BTC-26SEP25-84000-P-USDT,null
2025-06-27T09:12:49.711Z,Bybit,option,BTC-26SEP25-84000-C-USDT,null
2025-06-27T09:12:49.711Z,Bybit,option,BTC-26SEP25-80000-P-USDT,null
2025-06-27T09:12:49.711Z,Bybit,option,BTC-26SEP25-80000-C-USDT,null
2025-06-27T09:12:49.711Z,Bybit,option,BTC-26SEP25-70000-P-USDT,null
2025-06-27T09:12:49.712Z,Bybit,option,BTC-26SEP25-70000-C-USDT,null
2025-06-27T09:12:49.712Z,Bybit,option,BTC-26SEP25-60000-P-USDT,null
2025-06-27T09:12:49.712Z,Bybit,option,BTC-26SEP25-60000-C-USDT,null
2025-06-27T09:12:49.712Z,Bybit,option,BTC-26SEP25-40000-P-USDT,null
2025-06-27T09:12:49.712Z,Bybit,option,BTC-26SEP25-40000-C-USDT,null
2025-06-27T09:12:49.712Z,Bybit,option,BTC-26SEP25-20000-P-USDT,null
2025-06-27T09:12:49.712Z,Bybit,option,BTC-26SEP25-20000-C-USDT,null
2025-06-27T09:12:49.712Z,Bybit,option,BTC-26SEP25-50000-P,null
2025-06-27T09:12:49.712Z,Bybit,option,BTC-26SEP25-50000-C,null
2025-06-27T09:12:49.712Z,Bybit,option,BTC-26SEP25-105000-P,null
2025-06-27T09:12:49.712Z,Bybit,option,BTC-26SEP25-105000-C,null
2025-06-27T09:12:49.712Z,Bybit,option,BTC-26SEP25-95000-P,null
2025-06-27T09:12:49.712Z,Bybit,option,BTC-26SEP25-95000-C,null
2025-06-27T09:12:49.712Z,Bybit,option,BTC-26SEP25-85000-P,null
2025-06-27T09:12:49.712Z,Bybit,option,BTC-26SEP25-85000-C,null
2025-06-27T09:12:49.712Z,Bybit,option,BTC-26SEP25-130000-P,null
2025-06-27T09:12:49.712Z,Bybit,option,BTC-26SEP25-130000-C,null
2025-06-27T09:12:49.712Z,Bybit,option,BTC-26SEP25-160000-P,null
2025-06-27T09:12:49.712Z,Bybit,option,BTC-26SEP25-160000-C,null
2025-06-27T09:12:49.712Z,Bybit,option,BTC-26SEP25-100000-P,null
2025-06-27T09:12:49.712Z,Bybit,option,BTC-26SEP25-100000-C,null
2025-06-27T09:12:49.712Z,Bybit,option,BTC-26SEP25-140000-P,null
2025-06-27T09:12:49.712Z,Bybit,option,BTC-26SEP25-140000-C,null
2025-06-27T09:12:49.712Z,Bybit,option,BTC-26SEP25-180000-P,null
2025-06-27T09:12:49.712Z,Bybit,option,BTC-26SEP25-180000-C,null
2025-06-27T09:12:49.712Z,Bybit,option,BTC-26SEP25-350000-P,null
2025-06-27T09:12:49.713Z,Bybit,option,BTC-26SEP25-350000-C,null
2025-06-27T09:12:49.713Z,Bybit,option,BTC-26SEP25-300000-P,null
2025-06-27T09:12:49.713Z,Bybit,option,BTC-26SEP25-300000-C,null
2025-06-27T09:12:49.713Z,Bybit,option,BTC-26SEP25-250000-P,null
2025-06-27T09:12:49.713Z,Bybit,option,BTC-26SEP25-250000-C,null
2025-06-27T09:12:49.713Z,Bybit,option,BTC-26SEP25-200000-P,null
2025-06-27T09:12:49.713Z,Bybit,option,BTC-26SEP25-200000-C,null
2025-06-27T09:12:49.713Z,Bybit,option,BTC-26SEP25-150000-P,null
2025-06-27T09:12:49.713Z,Bybit,option,BTC-26SEP25-150000-C,null
2025-06-27T09:12:49.713Z,Bybit,option,BTC-26SEP25-120000-P,null
2025-06-27T09:12:49.713Z,Bybit,option,BTC-26SEP25-120000-C,null
2025-06-27T09:12:49.713Z,Bybit,option,BTC-26SEP25-110000-P,null
2025-06-27T09:12:49.713Z,Bybit,option,BTC-26SEP25-110000-C,null
2025-06-27T09:12:49.713Z,Bybit,option,BTC-26SEP25-90000-P,null
2025-06-27T09:12:49.713Z,Bybit,option,BTC-26SEP25-90000-C,null
2025-06-27T09:12:49.713Z,Bybit,option,BTC-26SEP25-80000-P,null
2025-06-27T09:12:49.713Z,Bybit,option,BTC-26SEP25-80000-C,null
2025-06-27T09:12:49.713Z,Bybit,option,BTC-26SEP25-70000-P,null
2025-06-27T09:12:49.713Z,Bybit,option,BTC-26SEP25-70000-C,null
2025-06-27T09:12:49.713Z,Bybit,option,BTC-26SEP25-60000-P,null
2025-06-27T09:12:49.713Z,Bybit,option,BTC-26SEP25-60000-C,null
2025-06-27T09:12:49.713Z,Bybit,option,BTC-26SEP25-40000-P,null
2025-06-27T09:12:49.713Z,Bybit,option,BTC-26SEP25-40000-C,null
2025-06-27T09:12:49.713Z,Bybit,option,BTC-26SEP25-20000-P,null
2025-06-27T09:12:49.713Z,Bybit,option,BTC-26SEP25-20000-C,null
2025-06-27T09:12:49.713Z,Bybit,option,BTC-29AUG25-95000-P-USDT,null
2025-06-27T09:12:49.714Z,Bybit,option,BTC-29AUG25-95000-C-USDT,null
2025-06-27T09:12:49.714Z,Bybit,option,BTC-29AUG25-74000-P-USDT,null
2025-06-27T09:12:49.714Z,Bybit,option,BTC-29AUG25-74000-C-USDT,null
2025-06-27T09:12:49.714Z,Bybit,option,BTC-29AUG25-148000-P-USDT,null
2025-06-27T09:12:49.714Z,Bybit,option,BTC-29AUG25-148000-C-USDT,null
2025-06-27T09:12:49.714Z,Bybit,option,BTC-29AUG25-146000-P-USDT,null
2025-06-27T09:12:49.714Z,Bybit,option,BTC-29AUG25-146000-C-USDT,null
2025-06-27T09:12:49.714Z,Bybit,option,BTC-29AUG25-144000-P-USDT,null
2025-06-27T09:12:49.714Z,Bybit,option,BTC-29AUG25-144000-C-USDT,null
2025-06-27T09:12:49.714Z,Bybit,option,BTC-29AUG25-142000-P-USDT,null
2025-06-27T09:12:49.714Z,Bybit,option,BTC-29AUG25-142000-C-USDT,null
2025-06-27T09:12:49.714Z,Bybit,option,BTC-29AUG25-140000-P-USDT,null
2025-06-27T09:12:49.714Z,Bybit,option,BTC-29AUG25-140000-C-USDT,null
2025-06-27T09:12:49.714Z,Bybit,option,BTC-29AUG25-138000-P-USDT,null
2025-06-27T09:12:49.714Z,Bybit,option,BTC-29AUG25-138000-C-USDT,null
2025-06-27T09:12:49.714Z,Bybit,option,BTC-29AUG25-136000-P-USDT,null
2025-06-27T09:12:49.714Z,Bybit,option,BTC-29AUG25-136000-C-USDT,null
2025-06-27T09:12:49.714Z,Bybit,option,BTC-29AUG25-134000-P-USDT,null
2025-06-27T09:12:49.714Z,Bybit,option,BTC-29AUG25-134000-C-USDT,null
2025-06-27T09:12:49.714Z,Bybit,option,BTC-29AUG25-132000-P-USDT,null
2025-06-27T09:12:49.714Z,Bybit,option,BTC-29AUG25-132000-C-USDT,null
2025-06-27T09:12:49.714Z,Bybit,option,BTC-29AUG25-130000-P-USDT,null
2025-06-27T09:12:49.714Z,Bybit,option,BTC-29AUG25-130000-C-USDT,null
2025-06-27T09:12:49.714Z,Bybit,option,BTC-29AUG25-129000-P-USDT,null
2025-06-27T09:12:49.714Z,Bybit,option,BTC-29AUG25-129000-C-USDT,null
2025-06-27T09:12:49.715Z,Bybit,option,BTC-29AUG25-127000-P-USDT,null
2025-06-27T09:12:49.715Z,Bybit,option,BTC-29AUG25-127000-C-USDT,null
2025-06-27T09:12:49.715Z,Bybit,option,BTC-29AUG25-125000-P-USDT,null
2025-06-27T09:12:49.715Z,Bybit,option,BTC-29AUG25-125000-C-USDT,null
2025-06-27T09:12:49.715Z,Bybit,option,BTC-29AUG25-123000-P-USDT,null
2025-06-27T09:12:49.715Z,Bybit,option,BTC-29AUG25-123000-C-USDT,null
2025-06-27T09:12:49.715Z,Bybit,option,BTC-29AUG25-121000-P-USDT,null
2025-06-27T09:12:49.715Z,Bybit,option,BTC-29AUG25-121000-C-USDT,null
2025-06-27T09:12:49.715Z,Bybit,option,BTC-29AUG25-119000-P-USDT,null
2025-06-27T09:12:49.715Z,Bybit,option,BTC-29AUG25-119000-C-USDT,null
2025-06-27T09:12:49.715Z,Bybit,option,BTC-29AUG25-117000-P-USDT,null
2025-06-27T09:12:49.715Z,Bybit,option,BTC-29AUG25-117000-C-USDT,null
2025-06-27T09:12:49.715Z,Bybit,option,BTC-29AUG25-115000-P-USDT,null
2025-06-27T09:12:49.715Z,Bybit,option,BTC-29AUG25-115000-C-USDT,null
2025-06-27T09:12:49.715Z,Bybit,option,BTC-29AUG25-114000-P-USDT,null
2025-06-27T09:12:49.716Z,Bybit,option,BTC-29AUG25-114000-C-USDT,null
2025-06-27T09:12:49.716Z,Bybit,option,BTC-29AUG25-113000-P-USDT,null
2025-06-27T09:12:49.716Z,Bybit,option,BTC-29AUG25-113000-C-USDT,null
2025-06-27T09:12:49.716Z,Bybit,option,BTC-29AUG25-112000-P-USDT,null
2025-06-27T09:12:49.716Z,Bybit,option,BTC-29AUG25-112000-C-USDT,null
2025-06-27T09:12:49.716Z,Bybit,option,BTC-29AUG25-111000-P-USDT,null
2025-06-27T09:12:49.716Z,Bybit,option,BTC-29AUG25-111000-C-USDT,null
2025-06-27T09:12:49.716Z,Bybit,option,BTC-29AUG25-110000-P-USDT,null
2025-06-27T09:12:49.716Z,Bybit,option,BTC-29AUG25-110000-C-USDT,null
2025-06-27T09:12:49.716Z,Bybit,option,BTC-29AUG25-109000-P-USDT,null
2025-06-27T09:12:49.716Z,Bybit,option,BTC-29AUG25-109000-C-USDT,null
2025-06-27T09:12:49.716Z,Bybit,option,BTC-29AUG25-108000-P-USDT,null
2025-06-27T09:12:49.716Z,Bybit,option,BTC-29AUG25-108000-C-USDT,null
2025-06-27T09:12:49.716Z,Bybit,option,BTC-29AUG25-107000-P-USDT,null
2025-06-27T09:12:49.716Z,Bybit,option,BTC-29AUG25-107000-C-USDT,null
2025-06-27T09:12:49.716Z,Bybit,option,BTC-29AUG25-106000-P-USDT,null
2025-06-27T09:12:49.717Z,Bybit,option,BTC-29AUG25-106000-C-USDT,null
2025-06-27T09:12:49.717Z,Bybit,option,BTC-29AUG25-105000-P-USDT,null
2025-06-27T09:12:49.717Z,Bybit,option,BTC-29AUG25-105000-C-USDT,null
2025-06-27T09:12:49.717Z,Bybit,option,BTC-29AUG25-104000-P-USDT,null
2025-06-27T09:12:49.717Z,Bybit,option,BTC-29AUG25-104000-C-USDT,null
2025-06-27T09:12:49.717Z,Bybit,option,BTC-29AUG25-103000-P-USDT,null
2025-06-27T09:12:49.717Z,Bybit,option,BTC-29AUG25-103000-C-USDT,null
2025-06-27T09:12:49.717Z,Bybit,option,BTC-29AUG25-102000-P-USDT,null
2025-06-27T09:12:49.717Z,Bybit,option,BTC-29AUG25-102000-C-USDT,null
2025-06-27T09:12:49.717Z,Bybit,option,BTC-29AUG25-100000-P-USDT,null
2025-06-27T09:12:49.717Z,Bybit,option,BTC-29AUG25-100000-C-USDT,null
2025-06-27T09:12:49.717Z,Bybit,option,BTC-29AUG25-98000-P-USDT,null
2025-06-27T09:12:49.717Z,Bybit,option,BTC-29AUG25-98000-C-USDT,null
2025-06-27T09:12:49.717Z,Bybit,option,BTC-29AUG25-96000-P-USDT,null
2025-06-27T09:12:49.717Z,Bybit,option,BTC-29AUG25-96000-C-USDT,null
2025-06-27T09:12:49.717Z,Bybit,option,BTC-29AUG25-94000-P-USDT,null
2025-06-27T09:12:49.717Z,Bybit,option,BTC-29AUG25-94000-C-USDT,null
2025-06-27T09:12:49.718Z,Bybit,option,BTC-29AUG25-92000-P-USDT,null
2025-06-27T09:12:49.718Z,Bybit,option,BTC-29AUG25-92000-C-USDT,null
2025-06-27T09:12:49.718Z,Bybit,option,BTC-29AUG25-90000-P-USDT,null
2025-06-27T09:12:49.718Z,Bybit,option,BTC-29AUG25-90000-C-USDT,null
2025-06-27T09:12:49.718Z,Bybit,option,BTC-29AUG25-88000-P-USDT,null
2025-06-27T09:12:49.718Z,Bybit,option,BTC-29AUG25-88000-C-USDT,null
2025-06-27T09:12:49.718Z,Bybit,option,BTC-29AUG25-86000-P-USDT,null
2025-06-27T09:12:49.718Z,Bybit,option,BTC-29AUG25-86000-C-USDT,null
2025-06-27T09:12:49.718Z,Bybit,option,BTC-29AUG25-84000-P-USDT,null
2025-06-27T09:12:49.718Z,Bybit,option,BTC-29AUG25-84000-C-USDT,null
2025-06-27T09:12:49.718Z,Bybit,option,BTC-29AUG25-82000-P-USDT,null
2025-06-27T09:12:49.718Z,Bybit,option,BTC-29AUG25-82000-C-USDT,null
2025-06-27T09:12:49.718Z,Bybit,option,BTC-29AUG25-80000-P-USDT,null
2025-06-27T09:12:49.718Z,Bybit,option,BTC-29AUG25-80000-C-USDT,null
2025-06-27T09:12:49.718Z,Bybit,option,BTC-29AUG25-78000-P-USDT,null
2025-06-27T09:12:49.718Z,Bybit,option,BTC-29AUG25-78000-C-USDT,null
2025-06-27T09:12:49.718Z,Bybit,option,BTC-25JUL25-95000-P-USDT,null
2025-06-27T09:12:49.718Z,Bybit,option,BTC-25JUL25-95000-C-USDT,null
2025-06-27T09:12:49.718Z,Bybit,option,BTC-25JUL25-154000-P-USDT,null
2025-06-27T09:12:49.718Z,Bybit,option,BTC-25JUL25-154000-C-USDT,null
2025-06-27T09:12:49.718Z,Bybit,option,BTC-25JUL25-152000-P-USDT,null
2025-06-27T09:12:49.719Z,Bybit,option,BTC-25JUL25-152000-C-USDT,null
2025-06-27T09:12:49.719Z,Bybit,option,BTC-25JUL25-135000-P-USDT,null
2025-06-27T09:12:49.719Z,Bybit,option,BTC-25JUL25-135000-C-USDT,null
2025-06-27T09:12:49.719Z,Bybit,option,BTC-25JUL25-125000-P-USDT,null
2025-06-27T09:12:49.719Z,Bybit,option,BTC-25JUL25-125000-C-USDT,null
2025-06-27T09:12:49.719Z,Bybit,option,BTC-25JUL25-120000-P-USDT,null
2025-06-27T09:12:49.719Z,Bybit,option,BTC-25JUL25-120000-C-USDT,null
2025-06-27T09:12:49.719Z,Bybit,option,BTC-25JUL25-110000-P-USDT,null
2025-06-27T09:12:49.719Z,Bybit,option,BTC-25JUL25-110000-C-USDT,null
2025-06-27T09:12:49.719Z,Bybit,option,BTC-25JUL25-148000-P-USDT,null
2025-06-27T09:12:49.719Z,Bybit,option,BTC-25JUL25-148000-C-USDT,null
2025-06-27T09:12:49.719Z,Bybit,option,BTC-25JUL25-142000-P-USDT,null
2025-06-27T09:12:49.719Z,Bybit,option,BTC-25JUL25-142000-C-USDT,null
2025-06-27T09:12:49.719Z,Bybit,option,BTC-25JUL25-140000-P-USDT,null
2025-06-27T09:12:49.719Z,Bybit,option,BTC-25JUL25-140000-C-USDT,null
2025-06-27T09:12:49.719Z,Bybit,option,BTC-25JUL25-138000-P-USDT,null
2025-06-27T09:12:49.719Z,Bybit,option,BTC-25JUL25-138000-C-USDT,null
2025-06-27T09:12:49.719Z,Bybit,option,BTC-25JUL25-136000-P-USDT,null
2025-06-27T09:12:49.719Z,Bybit,option,BTC-25JUL25-136000-C-USDT,null
2025-06-27T09:12:49.719Z,Bybit,option,BTC-25JUL25-134000-P-USDT,null
2025-06-27T09:12:49.719Z,Bybit,option,BTC-25JUL25-134000-C-USDT,null
2025-06-27T09:12:49.719Z,Bybit,option,BTC-25JUL25-132000-P-USDT,null
2025-06-27T09:12:49.719Z,Bybit,option,BTC-25JUL25-132000-C-USDT,null
2025-06-27T09:12:49.719Z,Bybit,option,BTC-25JUL25-130000-P-USDT,null
2025-06-27T09:12:49.720Z,Bybit,option,BTC-25JUL25-130000-C-USDT,null
2025-06-27T09:12:49.720Z,Bybit,option,BTC-25JUL25-128000-P-USDT,null
2025-06-27T09:12:49.720Z,Bybit,option,BTC-25JUL25-128000-C-USDT,null
2025-06-27T09:12:49.720Z,Bybit,option,BTC-25JUL25-126000-P-USDT,null
2025-06-27T09:12:49.720Z,Bybit,option,BTC-25JUL25-126000-C-USDT,null
2025-06-27T09:12:49.720Z,Bybit,option,BTC-25JUL25-124000-P-USDT,null
2025-06-27T09:12:49.720Z,Bybit,option,BTC-25JUL25-124000-C-USDT,null
2025-06-27T09:12:49.720Z,Bybit,option,BTC-25JUL25-123000-P-USDT,null
2025-06-27T09:12:49.720Z,Bybit,option,BTC-25JUL25-123000-C-USDT,null
2025-06-27T09:12:49.720Z,Bybit,option,BTC-25JUL25-121000-P-USDT,null
2025-06-27T09:12:49.720Z,Bybit,option,BTC-25JUL25-121000-C-USDT,null
2025-06-27T09:12:49.720Z,Bybit,option,BTC-25JUL25-119000-P-USDT,null
2025-06-27T09:12:49.720Z,Bybit,option,BTC-25JUL25-119000-C-USDT,null
2025-06-27T09:12:49.720Z,Bybit,option,BTC-25JUL25-117000-P-USDT,null
2025-06-27T09:12:49.720Z,Bybit,option,BTC-25JUL25-117000-C-USDT,null
2025-06-27T09:12:49.720Z,Bybit,option,BTC-25JUL25-115000-P-USDT,null
2025-06-27T09:12:49.720Z,Bybit,option,BTC-25JUL25-115000-C-USDT,null
2025-06-27T09:12:49.720Z,Bybit,option,BTC-25JUL25-113000-P-USDT,null
2025-06-27T09:12:49.720Z,Bybit,option,BTC-25JUL25-113000-C-USDT,null
2025-06-27T09:12:49.720Z,Bybit,option,BTC-25JUL25-111000-P-USDT,null
2025-06-27T09:12:49.720Z,Bybit,option,BTC-25JUL25-111000-C-USDT,null
2025-06-27T09:12:49.720Z,Bybit,option,BTC-25JUL25-109000-P-USDT,null
2025-06-27T09:12:49.720Z,Bybit,option,BTC-25JUL25-109000-C-USDT,null
2025-06-27T09:12:49.720Z,Bybit,option,BTC-25JUL25-108000-P-USDT,null
2025-06-27T09:12:49.720Z,Bybit,option,BTC-25JUL25-108000-C-USDT,null
2025-06-27T09:12:49.720Z,Bybit,option,BTC-25JUL25-107000-P-USDT,null
2025-06-27T09:12:49.721Z,Bybit,option,BTC-25JUL25-107000-C-USDT,null
2025-06-27T09:12:49.721Z,Bybit,option,BTC-25JUL25-106000-P-USDT,null
2025-06-27T09:12:49.721Z,Bybit,option,BTC-25JUL25-106000-C-USDT,null
2025-06-27T09:12:49.721Z,Bybit,option,BTC-25JUL25-105000-P-USDT,null
2025-06-27T09:12:49.721Z,Bybit,option,BTC-25JUL25-105000-C-USDT,null
2025-06-27T09:12:49.721Z,Bybit,option,BTC-25JUL25-104000-P-USDT,null
2025-06-27T09:12:49.721Z,Bybit,option,BTC-25JUL25-104000-C-USDT,null
2025-06-27T09:12:49.721Z,Bybit,option,BTC-25JUL25-103000-P-USDT,null
2025-06-27T09:12:49.721Z,Bybit,option,BTC-25JUL25-103000-C-USDT,null
2025-06-27T09:12:49.721Z,Bybit,option,BTC-25JUL25-102000-P-USDT,null
2025-06-27T09:12:49.721Z,Bybit,option,BTC-25JUL25-102000-C-USDT,null
2025-06-27T09:12:49.721Z,Bybit,option,BTC-25JUL25-101000-P-USDT,null
2025-06-27T09:12:49.721Z,Bybit,option,BTC-25JUL25-101000-C-USDT,null
2025-06-27T09:12:49.721Z,Bybit,option,BTC-25JUL25-100000-P-USDT,null
2025-06-27T09:12:49.721Z,Bybit,option,BTC-25JUL25-100000-C-USDT,null
2025-06-27T09:12:49.721Z,Bybit,option,BTC-25JUL25-99000-P-USDT,null
2025-06-27T09:12:49.721Z,Bybit,option,BTC-25JUL25-99000-C-USDT,null
2025-06-27T09:12:49.721Z,Bybit,option,BTC-25JUL25-98000-P-USDT,null
2025-06-27T09:12:49.721Z,Bybit,option,BTC-25JUL25-98000-C-USDT,null
2025-06-27T09:12:49.721Z,Bybit,option,BTC-25JUL25-97000-P-USDT,null
2025-06-27T09:12:49.721Z,Bybit,option,BTC-25JUL25-97000-C-USDT,null
2025-06-27T09:12:49.721Z,Bybit,option,BTC-25JUL25-96000-P-USDT,null
2025-06-27T09:12:49.721Z,Bybit,option,BTC-25JUL25-96000-C-USDT,null
2025-06-27T09:12:49.721Z,Bybit,option,BTC-25JUL25-94000-P-USDT,null
2025-06-27T09:12:49.721Z,Bybit,option,BTC-25JUL25-94000-C-USDT,null
2025-06-27T09:12:49.721Z,Bybit,option,BTC-25JUL25-92000-P-USDT,null
2025-06-27T09:12:49.721Z,Bybit,option,BTC-25JUL25-92000-C-USDT,null
2025-06-27T09:12:49.722Z,Bybit,option,BTC-25JUL25-90000-P-USDT,null
2025-06-27T09:12:49.722Z,Bybit,option,BTC-25JUL25-90000-C-USDT,null
2025-06-27T09:12:49.722Z,Bybit,option,BTC-25JUL25-88000-P-USDT,null
2025-06-27T09:12:49.722Z,Bybit,option,BTC-25JUL25-88000-C-USDT,null
2025-06-27T09:12:49.722Z,Bybit,option,BTC-25JUL25-86000-P-USDT,null
2025-06-27T09:12:49.722Z,Bybit,option,BTC-25JUL25-86000-C-USDT,null
2025-06-27T09:12:49.722Z,Bybit,option,BTC-25JUL25-84000-P-USDT,null
2025-06-27T09:12:49.722Z,Bybit,option,BTC-25JUL25-84000-C-USDT,null
2025-06-27T09:12:49.722Z,Bybit,option,BTC-25JUL25-82000-P-USDT,null
2025-06-27T09:12:49.722Z,Bybit,option,BTC-25JUL25-82000-C-USDT,null
2025-06-27T09:12:49.722Z,Bybit,option,BTC-25JUL25-80000-P-USDT,null
2025-06-27T09:12:49.722Z,Bybit,option,BTC-25JUL25-80000-C-USDT,null
2025-06-27T09:12:49.722Z,Bybit,option,BTC-25JUL25-78000-P-USDT,null
2025-06-27T09:12:49.722Z,Bybit,option,BTC-25JUL25-78000-C-USDT,null
2025-06-27T09:12:49.722Z,Bybit,option,BTC-25JUL25-76000-P-USDT,null
2025-06-27T09:12:49.722Z,Bybit,option,BTC-25JUL25-76000-C-USDT,null
2025-06-27T09:12:49.722Z,Bybit,option,BTC-25JUL25-74000-P-USDT,null
2025-06-27T09:12:49.722Z,Bybit,option,BTC-25JUL25-74000-C-USDT,null
2025-06-27T09:12:49.722Z,Bybit,option,BTC-25JUL25-72000-P-USDT,null
2025-06-27T09:12:49.722Z,Bybit,option,BTC-25JUL25-72000-C-USDT,null
2025-06-27T09:12:49.722Z,Bybit,option,BTC-18JUL25-128000-P-USDT,null
2025-06-27T09:12:49.722Z,Bybit,option,BTC-18JUL25-128000-C-USDT,null
2025-06-27T09:12:49.722Z,Bybit,option,BTC-18JUL25-126000-P-USDT,null
2025-06-27T09:12:49.722Z,Bybit,option,BTC-18JUL25-126000-C-USDT,null
2025-06-27T09:12:49.722Z,Bybit,option,BTC-18JUL25-124000-P-USDT,null
2025-06-27T09:12:49.722Z,Bybit,option,BTC-18JUL25-124000-C-USDT,null
2025-06-27T09:12:49.722Z,Bybit,option,BTC-18JUL25-122000-P-USDT,null
2025-06-27T09:12:49.722Z,Bybit,option,BTC-18JUL25-122000-C-USDT,null
2025-06-27T09:12:49.723Z,Bybit,option,BTC-18JUL25-120000-P-USDT,null
2025-06-27T09:12:49.723Z,Bybit,option,BTC-18JUL25-120000-C-USDT,null
2025-06-27T09:12:49.723Z,Bybit,option,BTC-18JUL25-118000-P-USDT,null
2025-06-27T09:12:49.723Z,Bybit,option,BTC-18JUL25-118000-C-USDT,null
2025-06-27T09:12:49.723Z,Bybit,option,BTC-18JUL25-116000-P-USDT,null
2025-06-27T09:12:49.723Z,Bybit,option,BTC-18JUL25-116000-C-USDT,null
2025-06-27T09:12:49.723Z,Bybit,option,BTC-18JUL25-115000-P-USDT,null
2025-06-27T09:12:49.723Z,Bybit,option,BTC-18JUL25-115000-C-USDT,null
2025-06-27T09:12:49.723Z,Bybit,option,BTC-18JUL25-113000-P-USDT,null
2025-06-27T09:12:49.723Z,Bybit,option,BTC-18JUL25-113000-C-USDT,null
2025-06-27T09:12:49.723Z,Bybit,option,BTC-18JUL25-111000-P-USDT,null
2025-06-27T09:12:49.723Z,Bybit,option,BTC-18JUL25-111000-C-USDT,null
2025-06-27T09:12:49.723Z,Bybit,option,BTC-18JUL25-110000-P-USDT,null
2025-06-27T09:12:49.723Z,Bybit,option,BTC-18JUL25-110000-C-USDT,null
2025-06-27T09:12:49.723Z,Bybit,option,BTC-18JUL25-109000-P-USDT,null
2025-06-27T09:12:49.723Z,Bybit,option,BTC-18JUL25-109000-C-USDT,null
2025-06-27T09:12:49.723Z,Bybit,option,BTC-18JUL25-108000-P-USDT,null
2025-06-27T09:12:49.723Z,Bybit,option,BTC-18JUL25-108000-C-USDT,null
2025-06-27T09:12:49.723Z,Bybit,option,BTC-18JUL25-107000-P-USDT,null
2025-06-27T09:12:49.723Z,Bybit,option,BTC-18JUL25-107000-C-USDT,null
2025-06-27T09:12:49.723Z,Bybit,option,BTC-18JUL25-106000-P-USDT,null
2025-06-27T09:12:49.723Z,Bybit,option,BTC-18JUL25-106000-C-USDT,null
2025-06-27T09:12:49.723Z,Bybit,option,BTC-18JUL25-104000-P-USDT,null
2025-06-27T09:12:49.723Z,Bybit,option,BTC-18JUL25-104000-C-USDT,null
2025-06-27T09:12:49.723Z,Bybit,option,BTC-18JUL25-102000-P-USDT,null
2025-06-27T09:12:49.723Z,Bybit,option,BTC-18JUL25-102000-C-USDT,null
2025-06-27T09:12:49.723Z,Bybit,option,BTC-18JUL25-100000-P-USDT,null
2025-06-27T09:12:49.723Z,Bybit,option,BTC-18JUL25-100000-C-USDT,null
2025-06-27T09:12:49.724Z,Bybit,option,BTC-18JUL25-98000-P-USDT,null
2025-06-27T09:12:49.724Z,Bybit,option,BTC-18JUL25-98000-C-USDT,null
2025-06-27T09:12:49.724Z,Bybit,option,BTC-18JUL25-96000-P-USDT,null
2025-06-27T09:12:49.724Z,Bybit,option,BTC-18JUL25-96000-C-USDT,null
2025-06-27T09:12:49.724Z,Bybit,option,BTC-18JUL25-94000-P-USDT,null
2025-06-27T09:12:49.724Z,Bybit,option,BTC-18JUL25-94000-C-USDT,null
2025-06-27T09:12:49.724Z,Bybit,option,BTC-18JUL25-92000-P-USDT,null
2025-06-27T09:12:49.724Z,Bybit,option,BTC-18JUL25-92000-C-USDT,null
2025-06-27T09:12:49.724Z,Bybit,option,BTC-11JUL25-109000-P-USDT,null
2025-06-27T09:12:49.724Z,Bybit,option,BTC-11JUL25-109000-C-USDT,null
2025-06-27T09:12:49.724Z,Bybit,option,BTC-11JUL25-126000-P-USDT,null
2025-06-27T09:12:49.724Z,Bybit,option,BTC-11JUL25-126000-C-USDT,null
2025-06-27T09:12:49.724Z,Bybit,option,BTC-11JUL25-124000-P-USDT,null
2025-06-27T09:12:49.724Z,Bybit,option,BTC-11JUL25-124000-C-USDT,null
2025-06-27T09:12:49.724Z,Bybit,option,BTC-11JUL25-99000-P-USDT,null
2025-06-27T09:12:49.724Z,Bybit,option,BTC-11JUL25-99000-C-USDT,null
2025-06-27T09:12:49.724Z,Bybit,option,BTC-11JUL25-97000-P-USDT,null
2025-06-27T09:12:49.724Z,Bybit,option,BTC-11JUL25-97000-C-USDT,null
