timestamp,stockMarket,pair,side,price,liquidity
2025-06-27T09:12:48.333Z,Raydium,SOL/USDC,buy,141.9783845136539,11018495.61
2025-06-27T09:12:50.752Z,Raydium,SOL/USDC,buy,141.9783845136539,11018495.61
2025-06-27T09:12:51.636Z,Bybit,SOL/USDC,buy,141.8,25272.03732
2025-06-27T09:12:53.183Z,Raydium,SOL/USDC,buy,141.9783845136539,11018495.61
2025-06-27T09:12:55.921Z,Raydium,SOL/USDC,buy,141.9783845136539,11018495.61
2025-06-27T09:12:58.351Z,Raydium,SOL/USDC,buy,141.9783845136539,11018495.61
2025-06-27T09:13:00.769Z,Raydium,SOL/USDC,buy,141.9783845136539,11018495.61
2025-06-27T09:13:01.435Z,Bybit,SOL/USDC,buy,141.83,25286.22032
2025-06-27T09:13:03.223Z,Raydium,SOL/USDC,buy,141.9783845136539,11018495.61
2025-06-27T09:13:05.435Z,Bybit,SOL/USDC,buy,141.83,25286.22032
2025-06-27T09:13:05.640Z,Raydium,SOL/USDC,buy,141.9783845136539,11018495.61
2025-06-27T09:13:08.050Z,Raydium,SOL/USDC,buy,141.9783845136539,11018495.61
2025-06-27T09:13:10.437Z,Bybit,SOL/USDC,buy,141.86,25300.40632
2025-06-27T09:13:10.511Z,Raydium,SOL/USDC,buy,141.9783845136539,11018495.61
2025-06-27T09:13:11.436Z,Bybit,SOL/USDC,buy,141.9,26364.79822
2025-06-27T09:13:12.934Z,Raydium,SOL/USDC,buy,141.9783845136539,11018495.61
2025-06-27T09:13:15.340Z,Raydium,SOL/USDC,buy,141.9783845136539,11018495.61
2025-06-27T09:13:17.757Z,Raydium,SOL/USDC,buy,141.9783845136539,11018495.61
2025-06-27T09:13:20.314Z,Raydium,SOL/USDC,buy,141.9783845136539,11018495.61
2025-06-27T09:13:22.749Z,Raydium,SOL/USDC,buy,141.9783845136539,11018495.61
2025-06-27T09:13:25.200Z,Raydium,SOL/USDC,buy,141.9783845136539,11018495.61
2025-06-27T09:13:26.436Z,Bybit,SOL/USDC,buy,141.88,26568.5379
2025-06-27T09:13:27.609Z,Raydium,SOL/USDC,buy,141.9783845136539,11018495.61
2025-06-27T09:13:30.009Z,Raydium,SOL/USDC,buy,141.9783845136539,11018495.61
2025-06-27T09:13:32.435Z,Bybit,SOL/USDC,buy,141.87,26738.92377
2025-06-27T09:13:32.467Z,Raydium,SOL/USDC,buy,141.9783845136539,11018495.61
2025-06-27T09:13:34.879Z,Raydium,SOL/USDC,buy,141.9783845136539,11018495.61
2025-06-27T09:13:37.300Z,Raydium,SOL/USDC,buy,141.9783845136539,11018495.61
2025-06-27T09:13:39.721Z,Raydium,SOL/USDC,buy,141.9783845136539,11018495.61
2025-06-27T09:13:41.436Z,Bybit,SOL/USDC,buy,141.85,26881.34117
2025-06-27T09:13:42.160Z,Raydium,SOL/USDC,buy,141.9783845136539,11018495.61
2025-06-27T09:13:44.565Z,Raydium,SOL/USDC,buy,141.9783845136539,11018495.61
2025-06-27T09:13:47.186Z,Raydium,SOL/USDC,buy,141.9783845136539,11018495.61
2025-06-27T09:13:49.613Z,Raydium,SOL/USDC,buy,141.9783845136539,11018495.61
2025-06-27T09:13:52.028Z,Raydium,SOL/USDC,buy,141.9783845136539,11018495.61
2025-06-27T09:13:54.448Z,Raydium,SOL/USDC,buy,141.9783845136539,11018495.61
2025-06-27T09:13:55.438Z,Bybit,SOL/USDC,buy,141.85,26998.79097
2025-06-27T09:13:56.881Z,Raydium,SOL/USDC,buy,141.9783845136539,11018495.61
2025-06-27T09:13:59.295Z,Raydium,SOL/USDC,buy,141.9783845136539,11018495.61
2025-06-27T09:14:01.439Z,Bybit,SOL/USDC,buy,141.85,27012.97597
2025-06-27T09:14:01.755Z,Raydium,SOL/USDC,buy,141.9783845136539,11018495.61
2025-06-27T09:14:03.438Z,Bybit,SOL/USDC,buy,141.89,29415.59934
2025-06-27T09:14:04.251Z,Raydium,SOL/USDC,buy,141.9783845136539,11018495.61
2025-06-27T09:14:05.437Z,Bybit,SOL/USDC,buy,141.89,29415.59934
2025-06-27T09:14:06.722Z,Raydium,SOL/USDC,buy,141.9783845136539,11018495.61
2025-06-27T09:14:09.174Z,Raydium,SOL/USDC,buy,141.9783845136539,11018495.61
2025-06-27T09:14:11.609Z,Raydium,SOL/USDC,buy,141.9783845136539,11018495.61
2025-06-27T09:14:14.019Z,Raydium,SOL/USDC,buy,141.9783845136539,11018495.61
2025-06-27T09:14:16.439Z,Raydium,SOL/USDC,buy,141.9783845136539,11018495.61
2025-06-27T09:14:19.188Z,Raydium,SOL/USDC,buy,141.9783845136539,11018495.61
2025-06-27T09:14:21.591Z,Raydium,SOL/USDC,buy,141.9783845136539,11018495.61
2025-06-27T09:14:24.053Z,Raydium,SOL/USDC,buy,141.9783845136539,11018495.61
2025-06-27T09:14:26.495Z,Raydium,SOL/USDC,buy,141.9783845136539,11018495.61
2025-06-27T09:14:28.437Z,Bybit,SOL/USDC,buy,141.89,29429.78834
2025-06-27T09:14:28.933Z,Raydium,SOL/USDC,buy,141.9783845136539,11018495.61
2025-06-27T09:14:29.443Z,Bybit,SOL/USDC,buy,141.9,29443.97834
2025-06-27T09:14:31.348Z,Raydium,SOL/USDC,buy,141.9783845136539,11018495.61
2025-06-27T09:14:33.763Z,Raydium,SOL/USDC,buy,141.9783845136539,11018495.61
2025-06-27T09:14:36.208Z,Raydium,SOL/USDC,buy,141.9783845136539,11018495.61
2025-06-27T09:14:38.616Z,Raydium,SOL/USDC,buy,141.9783845136539,11018495.61
2025-06-27T09:14:41.030Z,Raydium,SOL/USDC,buy,141.9783845136539,11018495.61
2025-06-27T09:14:42.439Z,Bybit,SOL/USDC,buy,141.92,29926.36442
2025-06-27T09:14:43.441Z,Raydium,SOL/USDC,buy,141.9783845136539,11018495.61
2025-06-27T09:14:45.876Z,Raydium,SOL/USDC,buy,141.9783845136539,11018495.61
2025-06-27T09:14:48.312Z,Raydium,SOL/USDC,buy,141.9783845136539,11018495.61
2025-06-27T09:14:50.727Z,Raydium,SOL/USDC,buy,141.9783845136539,11018495.61
2025-06-27T09:14:51.437Z,Bybit,SOL/USDC,buy,141.89,31345.26442
2025-06-27T09:14:53.157Z,Raydium,SOL/USDC,buy,141.9783845136539,11018495.61
2025-06-27T09:14:55.582Z,Raydium,SOL/USDC,buy,141.9783845136539,11018495.61
2025-06-27T09:14:57.437Z,Bybit,SOL/USDC,buy,141.88,31474.94274
2025-06-27T09:14:58.025Z,Raydium,SOL/USDC,buy,141.9783845136539,11018495.61
2025-06-27T09:15:00.437Z,Raydium,SOL/USDC,buy,141.9783845136539,11018495.61
2025-06-27T09:15:00.438Z,Bybit,SOL/USDC,buy,141.88,31474.94274
2025-06-27T09:15:01.437Z,Bybit,SOL/USDC,buy,141.87,48.09393
2025-06-27T09:15:02.848Z,Raydium,SOL/USDC,buy,141.9783845136539,11018495.61
2025-06-27T09:15:05.268Z,Raydium,SOL/USDC,buy,141.9783845136539,11018495.61
2025-06-27T09:15:05.439Z,Bybit,SOL/USDC,buy,141.87,48.09393
2025-06-27T09:15:07.438Z,Bybit,SOL/USDC,buy,141.9,188.00633
2025-06-27T09:15:07.694Z,Raydium,SOL/USDC,buy,141.9783845136539,11018495.61
2025-06-27T09:15:10.149Z,Raydium,SOL/USDC,buy,141.9783845136539,11018495.61
2025-06-27T09:15:12.561Z,Raydium,SOL/USDC,buy,141.9783845136539,11018495.61
2025-06-27T09:15:13.441Z,Bybit,SOL/USDC,buy,141.91,1187.90419
2025-06-27T09:15:14.983Z,Raydium,SOL/USDC,buy,141.9783845136539,11018495.61
2025-06-27T09:15:17.410Z,Raydium,SOL/USDC,buy,141.9783845136539,11018495.61
2025-06-27T09:15:19.842Z,Raydium,SOL/USDC,buy,141.9783845136539,11018495.61
2025-06-27T09:15:22.259Z,Raydium,SOL/USDC,buy,141.9783845136539,11018495.61
2025-06-27T09:15:24.693Z,Raydium,SOL/USDC,buy,141.9783845136539,11018495.61
2025-06-27T09:15:27.110Z,Raydium,SOL/USDC,buy,141.9783845136539,11018495.61
2025-06-27T09:15:29.564Z,Raydium,SOL/USDC,buy,141.9783845136539,11018495.61
2025-06-27T09:15:32.001Z,Raydium,SOL/USDC,buy,141.9783845136539,11018495.61
2025-06-27T09:15:32.438Z,Bybit,SOL/USDC,buy,141.88,1348.37047
2025-06-27T09:15:34.466Z,Raydium,SOL/USDC,buy,141.9783845136539,11018495.61
2025-06-27T09:15:36.877Z,Raydium,SOL/USDC,buy,141.9783845136539,11018495.61
2025-06-27T09:15:39.299Z,Raydium,SOL/USDC,buy,141.9783845136539,11018495.61
2025-06-27T09:15:41.715Z,Raydium,SOL/USDC,buy,141.9783845136539,11018495.61
2025-06-27T09:15:44.144Z,Raydium,SOL/USDC,buy,141.9783845136539,11018495.61
2025-06-27T09:15:47.323Z,Raydium,SOL/USDC,buy,141.9783845136539,11018495.61
2025-06-27T09:15:49.737Z,Raydium,SOL/USDC,buy,141.9783845136539,11018495.61
2025-06-27T09:15:51.437Z,Bybit,SOL/USDC,buy,141.93,1362.56347
2025-06-27T09:15:52.163Z,Raydium,SOL/USDC,buy,141.9783845136539,11018495.61
2025-06-27T09:15:52.439Z,Bybit,SOL/USDC,buy,141.97,2264.07297
2025-06-27T09:15:54.444Z,Bybit,SOL/USDC,buy,142,3570.47297
2025-06-27T09:15:54.585Z,Raydium,SOL/USDC,buy,141.9783845136539,11018495.61
2025-06-27T09:15:56.437Z,Bybit,SOL/USDC,buy,142.03,5095.44908
2025-06-27T09:15:57.009Z,Raydium,SOL/USDC,buy,141.9783845136539,11018495.61
2025-06-27T09:15:58.437Z,Bybit,SOL/USDC,buy,142.05,5110.22228
2025-06-27T09:15:59.421Z,Raydium,SOL/USDC,buy,141.9783845136539,11018495.61
2025-06-27T09:16:01.439Z,Bybit,SOL/USDC,buy,142.07,6914.50728
2025-06-27T09:16:01.838Z,Raydium,SOL/USDC,buy,141.9783845136539,11018495.61
2025-06-27T09:16:02.438Z,Bybit,SOL/USDC,buy,142.1,7802.63228
2025-06-27T09:16:04.260Z,Raydium,SOL/USDC,buy,141.9783845136539,11018495.61
2025-06-27T09:16:05.438Z,Bybit,SOL/USDC,buy,142.1,7802.63228
2025-06-27T09:16:06.697Z,Raydium,SOL/USDC,buy,141.9783845136539,11018495.61
2025-06-27T09:16:07.450Z,Bybit,SOL/USDC,buy,142.11,9375.07943
2025-06-27T09:16:09.141Z,Raydium,SOL/USDC,buy,141.9783845136539,11018495.61
2025-06-27T09:16:11.739Z,Raydium,SOL/USDC,buy,141.9783845136539,11018495.61
2025-06-27T09:16:14.148Z,Raydium,SOL/USDC,buy,141.9783845136539,11018495.61
2025-06-27T09:16:14.439Z,Bybit,SOL/USDC,buy,142.11,9389.29043
2025-06-27T09:16:16.562Z,Raydium,SOL/USDC,buy,141.9783845136539,11018495.61
2025-06-27T09:16:18.972Z,Raydium,SOL/USDC,buy,141.9783845136539,11018495.61
2025-06-27T09:16:21.438Z,Raydium,SOL/USDC,buy,141.9783845136539,11018495.61
2025-06-27T09:16:23.860Z,Raydium,SOL/USDC,buy,141.9783845136539,11018495.61
2025-06-27T09:16:26.336Z,Raydium,SOL/USDC,buy,141.9783845136539,11018495.61
2025-06-27T09:16:28.756Z,Raydium,SOL/USDC,buy,141.9783845136539,11018495.61
2025-06-27T09:16:31.196Z,Raydium,SOL/USDC,buy,141.9783845136539,11018495.61
2025-06-27T09:16:33.638Z,Raydium,SOL/USDC,buy,141.9783845136539,11018495.61
2025-06-27T09:16:34.438Z,Bybit,SOL/USDC,buy,142.14,9403.50443
2025-06-27T09:16:36.086Z,Raydium,SOL/USDC,buy,141.9783845136539,11018495.61
2025-06-27T09:16:36.439Z,Bybit,SOL/USDC,buy,142.18,10306.34743
2025-06-27T09:16:37.439Z,Bybit,SOL/USDC,buy,142.24,12320.49831
2025-06-27T09:16:38.513Z,Raydium,SOL/USDC,buy,141.9783845136539,11018495.61
2025-06-27T09:16:40.942Z,Raydium,SOL/USDC,buy,141.9783845136539,11018495.61
2025-06-27T09:16:41.439Z,Bybit,SOL/USDC,buy,142.26,14112.97431
2025-06-27T09:16:43.724Z,Raydium,SOL/USDC,buy,141.9783845136539,11018495.61
2025-06-27T09:16:46.151Z,Raydium,SOL/USDC,buy,141.9783845136539,11018495.61
2025-06-27T09:16:46.438Z,Bybit,SOL/USDC,buy,142.29,15905.82831
2025-06-27T09:16:47.438Z,Bybit,SOL/USDC,buy,142.32,20451.17447
2025-06-27T09:16:48.440Z,Bybit,SOL/USDC,buy,142.35,24009.92447
2025-06-27T09:16:48.645Z,Raydium,SOL/USDC,buy,141.9783845136539,11018495.61
2025-06-27T09:16:51.053Z,Raydium,SOL/USDC,buy,141.9783845136539,11018495.61
2025-06-27T09:16:51.443Z,Bybit,SOL/USDC,buy,142.33,24582.2334
2025-06-27T09:16:52.439Z,Bybit,SOL/USDC,buy,142.33,25622.23871
2025-06-27T09:16:53.470Z,Raydium,SOL/USDC,buy,141.9783845136539,11018495.61
2025-06-27T09:16:55.890Z,Raydium,SOL/USDC,buy,141.9783845136539,11018495.61
2025-06-27T09:16:58.322Z,Raydium,SOL/USDC,buy,141.9783845136539,11018495.61
2025-06-27T09:17:00.736Z,Raydium,SOL/USDC,buy,141.9783845136539,11018495.61
2025-06-27T09:17:03.149Z,Raydium,SOL/USDC,buy,141.9783845136539,11018495.61
2025-06-27T09:17:05.479Z,Bybit,SOL/USDC,buy,142.33,25622.23871
2025-06-27T09:17:05.624Z,Raydium,SOL/USDC,buy,141.9783845136539,11018495.61
2025-06-27T09:17:08.098Z,Raydium,SOL/USDC,buy,141.9783845136539,11018495.61
2025-06-27T09:17:10.555Z,Raydium,SOL/USDC,buy,141.9783845136539,11018495.61
2025-06-27T09:17:13.180Z,Raydium,SOL/USDC,buy,141.9783845136539,11018495.61
2025-06-27T09:17:14.437Z,Bybit,SOL/USDC,buy,142.28,27932.32571
2025-06-27T09:17:15.437Z,Bybit,SOL/USDC,buy,142.25,28888.95696
2025-06-27T09:17:15.825Z,Raydium,SOL/USDC,buy,141.9783845136539,11018495.61
2025-06-27T09:17:18.437Z,Bybit,SOL/USDC,buy,142.25,29004.60621
2025-06-27T09:17:18.718Z,Raydium,SOL/USDC,buy,141.9783845136539,11018495.61
2025-06-27T09:17:22.499Z,Raydium,SOL/USDC,buy,141.9783845136539,11018495.61
2025-06-27T09:17:24.438Z,Bybit,SOL/USDC,buy,142.22,30761.16543
2025-06-27T09:17:26.664Z,Raydium,SOL/USDC,buy,141.9783845136539,11018495.61
2025-06-27T09:17:27.439Z,Bybit,SOL/USDC,buy,142.19,31472.11543
2025-06-27T09:17:28.438Z,Bybit,SOL/USDC,buy,142.18,32206.75949
2025-06-27T09:17:29.294Z,Raydium,SOL/USDC,buy,141.9783845136539,11018495.61
2025-06-27T09:17:35.440Z,Bybit,SOL/USDC,buy,142.16,33221.07109
2025-06-27T09:17:36.440Z,Bybit,SOL/USDC,buy,142.17,33252.06415
2025-06-27T09:17:36.642Z,Raydium,SOL/USDC,buy,141.9783845136539,11018495.61
2025-06-27T09:17:40.439Z,Bybit,SOL/USDC,buy,142.22,33820.94415
2025-06-27T09:17:43.080Z,Raydium,SOL/USDC,buy,141.9783845136539,11018495.61
2025-06-27T09:17:45.440Z,Bybit,SOL/USDC,buy,142.21,34105.36415
2025-06-27T09:17:45.505Z,Raydium,SOL/USDC,buy,141.9783845136539,11018495.61
2025-06-27T09:17:48.154Z,Raydium,SOL/USDC,buy,141.9783845136539,11018495.61
2025-06-27T09:17:48.438Z,Bybit,SOL/USDC,buy,142.21,34282.13118
2025-06-27T09:17:50.788Z,Raydium,SOL/USDC,buy,141.9783845136539,11018495.61
2025-06-27T09:17:51.438Z,Bybit,SOL/USDC,buy,142.21,34296.35218
2025-06-27T09:17:53.285Z,Raydium,SOL/USDC,buy,141.9783845136539,11018495.61
2025-06-27T09:17:53.439Z,Bybit,SOL/USDC,buy,142.24,35199.57618
2025-06-27T09:17:56.078Z,Raydium,SOL/USDC,buy,141.9783845136539,11018495.61
2025-06-27T09:17:58.438Z,Bybit,SOL/USDC,buy,142.24,36806.6037
2025-06-27T09:17:58.582Z,Raydium,SOL/USDC,buy,141.9783845136539,11018495.61
2025-06-27T09:18:01.694Z,Raydium,SOL/USDC,buy,141.9783845136539,11018495.61
2025-06-27T09:18:02.440Z,Bybit,SOL/USDC,buy,142.22,36820.8257
2025-06-27T09:18:04.535Z,Raydium,SOL/USDC,buy,141.9783845136539,11018495.61
2025-06-27T09:18:05.440Z,Bybit,SOL/USDC,buy,142.22,36820.8257
2025-06-27T09:18:07.090Z,Raydium,SOL/USDC,buy,141.9783845136539,11018495.61
2025-06-27T09:18:09.575Z,Raydium,SOL/USDC,buy,141.9783845136539,11018495.61
2025-06-27T09:18:12.080Z,Raydium,SOL/USDC,buy,141.9783845136539,11018495.61
2025-06-27T09:18:13.440Z,Bybit,SOL/USDC,buy,142.23,36835.0487
2025-06-27T09:18:14.631Z,Raydium,SOL/USDC,buy,141.9783845136539,11018495.61
2025-06-27T09:18:16.441Z,Bybit,SOL/USDC,buy,142.25,38701.6532
2025-06-27T09:18:17.105Z,Raydium,SOL/USDC,buy,141.9783845136539,11018495.61
2025-06-27T09:18:17.441Z,Bybit,SOL/USDC,buy,142.29,40701.53915
2025-06-27T09:18:19.514Z,Raydium,SOL/USDC,buy,141.9783845136539,11018495.61
2025-06-27T09:18:22.025Z,Raydium,SOL/USDC,buy,141.9783845136539,11018495.61
2025-06-27T09:18:24.786Z,Raydium,SOL/USDC,buy,141.9783845136539,11018495.61
2025-06-27T09:18:27.211Z,Raydium,SOL/USDC,buy,141.9783845136539,11018495.61
2025-06-27T09:18:29.439Z,Bybit,SOL/USDC,buy,142.26,40715.76515
2025-06-27T09:18:29.701Z,Raydium,SOL/USDC,buy,141.9783845136539,11018495.61
2025-06-27T09:18:32.153Z,Raydium,SOL/USDC,buy,141.9783845136539,11018495.61
2025-06-27T09:18:32.443Z,Bybit,SOL/USDC,buy,142.28,41145.30847
2025-06-27T09:18:34.451Z,Bybit,SOL/USDC,buy,142.25,41969.07822
2025-06-27T09:18:34.873Z,Raydium,SOL/USDC,buy,141.9783845136539,11018495.61
2025-06-27T09:18:37.316Z,Raydium,SOL/USDC,buy,141.9783845136539,11018495.61
2025-06-27T09:18:39.439Z,Bybit,SOL/USDC,buy,142.25,41983.30322
2025-06-27T09:18:39.783Z,Raydium,SOL/USDC,buy,141.9783845136539,11018495.61
2025-06-27T09:18:42.245Z,Raydium,SOL/USDC,buy,141.9783845136539,11018495.61
2025-06-27T09:18:44.800Z,Raydium,SOL/USDC,buy,141.9783845136539,11018495.61
2025-06-27T09:18:47.296Z,Raydium,SOL/USDC,buy,141.9783845136539,11018495.61
2025-06-27T09:18:47.440Z,Bybit,SOL/USDC,buy,142.29,43832.23577
2025-06-27T09:18:49.711Z,Raydium,SOL/USDC,buy,141.9783845136539,11018495.61
2025-06-27T09:18:52.197Z,Raydium,SOL/USDC,buy,141.9783845136539,11018495.61
2025-06-27T09:18:52.441Z,Bybit,SOL/USDC,buy,142.28,44738.70165
2025-06-27T09:18:54.619Z,Raydium,SOL/USDC,buy,141.9783845136539,11018495.61
2025-06-27T09:18:57.042Z,Raydium,SOL/USDC,buy,141.9783845136539,11018495.61
2025-06-27T09:18:59.824Z,Raydium,SOL/USDC,buy,141.9783845136539,11018495.61
2025-06-27T09:19:01.440Z,Bybit,SOL/USDC,buy,142.3,45675.17795
2025-06-27T09:19:02.385Z,Raydium,SOL/USDC,buy,141.9783845136539,11018495.61
2025-06-27T09:19:03.441Z,Bybit,SOL/USDC,buy,142.31,46578.84545
2025-06-27T09:19:04.885Z,Raydium,SOL/USDC,buy,141.9783845136539,11018495.61
2025-06-27T09:19:05.442Z,Bybit,SOL/USDC,buy,142.31,46578.84545
2025-06-27T09:19:07.311Z,Raydium,SOL/USDC,buy,141.9783845136539,11018495.61
2025-06-27T09:19:07.444Z,Bybit,SOL/USDC,buy,142.34,47717.56545
2025-06-27T09:19:09.734Z,Raydium,SOL/USDC,buy,141.9783845136539,11018495.61
2025-06-27T09:19:10.438Z,Bybit,SOL/USDC,buy,142.32,47779.90161
2025-06-27T09:19:12.166Z,Raydium,SOL/USDC,buy,141.9783845136539,11018495.61
2025-06-27T09:19:14.590Z,Raydium,SOL/USDC,buy,141.9783845136539,11018495.61
2025-06-27T09:19:17.050Z,Raydium,SOL/USDC,buy,141.9783845136539,11018495.61
2025-06-27T09:19:18.452Z,Bybit,SOL/USDC,buy,142.3,48276.38631
2025-06-27T09:19:19.793Z,Raydium,SOL/USDC,buy,141.9783845136539,11018495.61
2025-06-27T09:19:22.236Z,Raydium,SOL/USDC,buy,141.9783845136539,11018495.61
2025-06-27T09:19:24.696Z,Raydium,SOL/USDC,buy,141.9783845136539,11018495.61
2025-06-27T09:19:27.098Z,Raydium,SOL/USDC,buy,141.9783845136539,11018495.61
2025-06-27T09:19:29.568Z,Raydium,SOL/USDC,buy,141.9783845136539,11018495.61
2025-06-27T09:19:32.031Z,Raydium,SOL/USDC,buy,141.9783845136539,11018495.61
2025-06-27T09:19:34.458Z,Raydium,SOL/USDC,buy,141.9783845136539,11018495.61
2025-06-27T09:19:35.440Z,Bybit,SOL/USDC,buy,142.29,49228.87557
2025-06-27T09:19:37.045Z,Raydium,SOL/USDC,buy,141.9783845136539,11018495.61
2025-06-27T09:19:39.455Z,Raydium,SOL/USDC,buy,141.9783845136539,11018495.61
2025-06-27T09:19:41.932Z,Raydium,SOL/USDC,buy,141.9783845136539,11018495.61
2025-06-27T09:19:44.368Z,Raydium,SOL/USDC,buy,141.9783845136539,11018495.61
2025-06-27T09:19:47.081Z,Raydium,SOL/USDC,buy,141.9783845136539,11018495.61
2025-06-27T09:19:49.535Z,Raydium,SOL/USDC,buy,141.9783845136539,11018495.61
2025-06-27T09:19:52.068Z,Raydium,SOL/USDC,buy,141.9783845136539,11018495.61
2025-06-27T09:19:54.442Z,Bybit,SOL/USDC,buy,142.25,49454.64169
2025-06-27T09:19:55.007Z,Raydium,SOL/USDC,buy,141.95852322054455,11005879.66
2025-06-27T09:19:57.555Z,Raydium,SOL/USDC,buy,141.95852322054455,11005879.66
2025-06-27T09:19:58.448Z,Bybit,SOL/USDC,buy,142.23,50500.60011
2025-06-27T09:20:00.480Z,Bybit,SOL/USDC,buy,142.23,50500.60011
2025-06-27T09:20:00.873Z,Raydium,SOL/USDC,buy,141.95852322054455,11005879.66
2025-06-27T09:20:03.345Z,Raydium,SOL/USDC,buy,141.95852322054455,11005879.66
2025-06-27T09:20:06.337Z,Raydium,SOL/USDC,buy,141.95852322054455,11005879.66
2025-06-27T09:20:08.778Z,Raydium,SOL/USDC,buy,141.95852322054455,11005879.66
2025-06-27T09:20:11.259Z,Raydium,SOL/USDC,buy,141.95852322054455,11005879.66
2025-06-27T09:20:13.915Z,Raydium,SOL/USDC,buy,141.95852322054455,11005879.66
2025-06-27T09:20:16.409Z,Raydium,SOL/USDC,buy,141.95852322054455,11005879.66
2025-06-27T09:20:18.876Z,Raydium,SOL/USDC,buy,141.95852322054455,11005879.66
2025-06-27T09:20:20.442Z,Bybit,SOL/USDC,buy,142.21,856.38862
2025-06-27T09:20:21.425Z,Raydium,SOL/USDC,buy,141.95852322054455,11005879.66
2025-06-27T09:20:23.887Z,Raydium,SOL/USDC,buy,141.95852322054455,11005879.66
2025-06-27T09:20:26.620Z,Raydium,SOL/USDC,buy,141.95852322054455,11005879.66
2025-06-27T09:20:27.445Z,Bybit,SOL/USDC,buy,142.16,2642.59746
2025-06-27T09:20:29.367Z,Raydium,SOL/USDC,buy,141.95852322054455,11005879.66
2025-06-27T09:20:31.945Z,Raydium,SOL/USDC,buy,141.95852322054455,11005879.66
2025-06-27T09:20:35.391Z,Raydium,SOL/USDC,buy,141.95852322054455,11005879.66
2025-06-27T09:20:37.959Z,Raydium,SOL/USDC,buy,141.95852322054455,11005879.66
2025-06-27T09:20:40.425Z,Raydium,SOL/USDC,buy,141.95852322054455,11005879.66
2025-06-27T09:20:41.458Z,Bybit,SOL/USDC,buy,142.13,4086.21187
2025-06-27T09:20:42.908Z,Raydium,SOL/USDC,buy,141.95852322054455,11005879.66
2025-06-27T09:20:44.445Z,Bybit,SOL/USDC,buy,142.09,5293.69269
2025-06-27T09:20:45.400Z,Raydium,SOL/USDC,buy,141.95852322054455,11005879.66
2025-06-27T09:20:47.906Z,Raydium,SOL/USDC,buy,141.95852322054455,11005879.66
2025-06-27T09:20:49.442Z,Bybit,SOL/USDC,buy,142.06,5295.68153
2025-06-27T09:20:50.358Z,Raydium,SOL/USDC,buy,141.95852322054455,11005879.66
2025-06-27T09:20:51.443Z,Bybit,SOL/USDC,buy,142.06,6315.95645
2025-06-27T09:20:52.804Z,Raydium,SOL/USDC,buy,141.95852322054455,11005879.66
2025-06-27T09:20:55.484Z,Raydium,SOL/USDC,buy,141.95852322054455,11005879.66
2025-06-27T09:20:56.465Z,Bybit,SOL/USDC,buy,142.07,7299.93327
2025-06-27T09:20:57.479Z,Bybit,SOL/USDC,buy,142.08,7394.70063
2025-06-27T09:20:58.988Z,Raydium,SOL/USDC,buy,141.95852322054455,11005879.66
2025-06-27T09:21:00.470Z,Bybit,SOL/USDC,buy,142.12,8297.16263
2025-06-27T09:21:01.438Z,Raydium,SOL/USDC,buy,141.95852322054455,11005879.66
2025-06-27T09:21:04.263Z,Raydium,SOL/USDC,buy,141.95852322054455,11005879.66
2025-06-27T09:21:06.065Z,Bybit,SOL/USDC,buy,142.14,8311.37663
2025-06-27T09:21:07.422Z,Raydium,SOL/USDC,buy,141.95852322054455,11005879.66
2025-06-27T09:21:09.897Z,Raydium,SOL/USDC,buy,141.95852322054455,11005879.66
2025-06-27T09:21:12.339Z,Raydium,SOL/USDC,buy,141.95852322054455,11005879.66
2025-06-27T09:21:15.299Z,Raydium,SOL/USDC,buy,141.95852322054455,11005879.66
2025-06-27T09:21:17.841Z,Raydium,SOL/USDC,buy,141.95852322054455,11005879.66
2025-06-27T09:21:20.387Z,Raydium,SOL/USDC,buy,141.95852322054455,11005879.66
2025-06-27T09:21:21.437Z,Bybit,SOL/USDC,buy,142.13,9448.41663
2025-06-27T09:21:22.800Z,Raydium,SOL/USDC,buy,141.95852322054455,11005879.66
2025-06-27T09:21:23.438Z,Bybit,SOL/USDC,buy,142.1,10832.47063
2025-06-27T09:21:25.330Z,Raydium,SOL/USDC,buy,141.95852322054455,11005879.66
2025-06-27T09:21:27.874Z,Raydium,SOL/USDC,buy,141.95852322054455,11005879.66
2025-06-27T09:21:28.439Z,Bybit,SOL/USDC,buy,142.07,11990.05699
2025-06-27T09:21:30.548Z,Raydium,SOL/USDC,buy,141.95852322054455,11005879.66
2025-06-27T09:21:33.085Z,Raydium,SOL/USDC,buy,141.95852322054455,11005879.66
2025-06-27T09:21:35.721Z,Raydium,SOL/USDC,buy,141.95852322054455,11005879.66
2025-06-27T09:21:38.331Z,Raydium,SOL/USDC,buy,141.95852322054455,11005879.66
2025-06-27T09:21:40.460Z,Bybit,SOL/USDC,buy,142.02,12613.73499
2025-06-27T09:21:40.968Z,Raydium,SOL/USDC,buy,141.95852322054455,11005879.66
2025-06-27T09:21:43.447Z,Bybit,SOL/USDC,buy,142.01,14094.47326
2025-06-27T09:21:43.577Z,Raydium,SOL/USDC,buy,141.95852322054455,11005879.66
2025-06-27T09:21:46.175Z,Raydium,SOL/USDC,buy,141.95852322054455,11005879.66
2025-06-27T09:21:48.444Z,Bybit,SOL/USDC,buy,142.03,14227.83943
2025-06-27T09:21:48.709Z,Raydium,SOL/USDC,buy,141.95852322054455,11005879.66
2025-06-27T09:21:51.606Z,Raydium,SOL/USDC,buy,141.95852322054455,11005879.66
2025-06-27T09:21:54.226Z,Raydium,SOL/USDC,buy,141.95852322054455,11005879.66
2025-06-27T09:21:55.449Z,Bybit,SOL/USDC,buy,142.07,14242.04643
2025-06-27T09:21:57.107Z,Raydium,SOL/USDC,buy,141.95852322054455,11005879.66
2025-06-27T09:21:57.438Z,Bybit,SOL/USDC,buy,142.1,15144.38143
2025-06-27T09:22:00.002Z,Raydium,SOL/USDC,buy,141.95852322054455,11005879.66
2025-06-27T09:22:02.529Z,Raydium,SOL/USDC,buy,141.95852322054455,11005879.66
2025-06-27T09:22:05.051Z,Raydium,SOL/USDC,buy,141.95852322054455,11005879.66
2025-06-27T09:22:05.484Z,Bybit,SOL/USDC,buy,142.1,15144.38143
2025-06-27T09:22:07.523Z,Raydium,SOL/USDC,buy,141.95852322054455,11005879.66
2025-06-27T09:22:10.285Z,Raydium,SOL/USDC,buy,141.95852322054455,11005879.66
2025-06-27T09:22:12.828Z,Raydium,SOL/USDC,buy,141.95852322054455,11005879.66
2025-06-27T09:22:15.421Z,Raydium,SOL/USDC,buy,141.95852322054455,11005879.66
2025-06-27T09:22:16.435Z,Bybit,SOL/USDC,buy,142.09,16005.58892
2025-06-27T09:22:18.367Z,Raydium,SOL/USDC,buy,141.95852322054455,11005879.66
2025-06-27T09:22:21.080Z,Raydium,SOL/USDC,buy,141.95852322054455,11005879.66
2025-06-27T09:22:21.439Z,Bybit,SOL/USDC,buy,142.06,16019.79492
2025-06-27T09:22:23.518Z,Raydium,SOL/USDC,buy,141.95852322054455,11005879.66
2025-06-27T09:22:26.075Z,Raydium,SOL/USDC,buy,141.95852322054455,11005879.66
2025-06-27T09:22:28.528Z,Raydium,SOL/USDC,buy,141.95852322054455,11005879.66
2025-06-27T09:22:30.947Z,Raydium,SOL/USDC,buy,141.95852322054455,11005879.66
2025-06-27T09:22:33.360Z,Raydium,SOL/USDC,buy,141.95852322054455,11005879.66
2025-06-27T09:22:33.437Z,Bybit,SOL/USDC,buy,142.06,16414.72172
2025-06-27T09:22:35.789Z,Raydium,SOL/USDC,buy,141.95852322054455,11005879.66
2025-06-27T09:22:38.273Z,Raydium,SOL/USDC,buy,141.95852322054455,11005879.66
2025-06-27T09:22:40.743Z,Raydium,SOL/USDC,buy,141.95852322054455,11005879.66
2025-06-27T09:22:41.437Z,Bybit,SOL/USDC,buy,142.04,17929.43628
2025-06-27T09:22:43.216Z,Raydium,SOL/USDC,buy,141.95852322054455,11005879.66
2025-06-27T09:22:45.682Z,Raydium,SOL/USDC,buy,141.95852322054455,11005879.66
2025-06-27T09:22:48.178Z,Raydium,SOL/USDC,buy,141.95852322054455,11005879.66
2025-06-27T09:22:50.626Z,Raydium,SOL/USDC,buy,141.95852322054455,11005879.66
2025-06-27T09:22:53.080Z,Raydium,SOL/USDC,buy,141.95852322054455,11005879.66
2025-06-27T09:22:55.532Z,Raydium,SOL/USDC,buy,141.95852322054455,11005879.66
2025-06-27T09:22:57.976Z,Raydium,SOL/USDC,buy,141.95852322054455,11005879.66
2025-06-27T09:23:00.435Z,Raydium,SOL/USDC,buy,141.95852322054455,11005879.66
2025-06-27T09:23:01.443Z,Bybit,SOL/USDC,buy,142.01,18950.63019
2025-06-27T09:23:02.439Z,Bybit,SOL/USDC,buy,142.05,20843.64627
2025-06-27T09:23:03.165Z,Raydium,SOL/USDC,buy,141.95852322054455,11005879.66
2025-06-27T09:23:05.439Z,Bybit,SOL/USDC,buy,142.07,21301.82202
2025-06-27T09:23:05.595Z,Raydium,SOL/USDC,buy,141.95852322054455,11005879.66
2025-06-27T09:23:08.249Z,Raydium,SOL/USDC,buy,141.95852322054455,11005879.66
2025-06-27T09:23:10.661Z,Raydium,SOL/USDC,buy,141.95852322054455,11005879.66
2025-06-27T09:23:13.400Z,Raydium,SOL/USDC,buy,141.95852322054455,11005879.66
2025-06-27T09:23:13.441Z,Bybit,SOL/USDC,buy,142.04,21521.98402
2025-06-27T09:23:15.934Z,Raydium,SOL/USDC,buy,141.95852322054455,11005879.66
2025-06-27T09:23:16.438Z,Bybit,SOL/USDC,buy,142.03,21591.15163
2025-06-27T09:23:18.516Z,Raydium,SOL/USDC,buy,141.95852322054455,11005879.66
